Name,Email,Course,Registration Date,Fee Paid
Hailey Antcliff,Hailey_Antcliff9757@yahoo.audio,Leadership,"Wednesday, December 14, 2022",500
Harvey Reyes,Harvey_Reyes9354@voylg.directory,Analytics,"Friday, December 30, 2022",500
Tom Alldridge,Tom_Alldridge5905@gkvds.property,Analytics,"Saturday, December 10, 2022",500
Carina Stubbs,Carina_Stubbs8509@jh02o.org,Accounting,"Sunday, December 4, 2022",500
Ramon Redden,Ramon_Redden905@1kmd3.club,Design and technology,"Wednesday, December 7, 2022",500
Maya Randall,Maya_Randall2939@lhp4j.meet,,,100
Matt Ashley,Matt_Ashley6946@jh02o.info,Analytics,"Friday, December 30, 2022",100
Freya Reynolds,Freya_Reynolds9608@bqkv0.site,Accounting,"Saturday, December 3, 2022",
Ronald Newton,Ronald_Newton1403@1kmd3.com,Design and technology,"Thursday, December 22, 2022",500
Jack Hudson,Jack_Hudson8090@yafr7.audio,Leadership,"Monday, December 26, 2022",250
Jack Hobbs,Jack_Hobbs4073@evyvh.auction,Design and technology,"Wednesday, December 7, 2022",500
Matt Ashley,Matt_Ashley6946@jh02o.info,Analytics,"Friday, December 30, 2022",100
Kieth Lynn,Kieth_Lynn9930@voylg.online,Analytics,"Friday, December 2, 2022",
Elena Shelton,Elena_Shelton5238@karnv.org,Analytics,"Friday, December 2, 2022",500
Tom Alldridge,Tom_Alldridge5905@gkvds.property,Analytics,"Saturday, December 10, 2022",500
Henry Edmonds,Henry_Edmonds4807@dbxli.store,Analytics,"Wednesday, December 21, 2022",500
Hayden Gordon,Hayden_Gordon9449@gnjps.directory,Analytics,"Sunday, December 4, 2022",
Marilyn Lomax,Marilyn_Lomax5283@c2nyu.online,,,500
Jack Hudson,Jack_Hudson8090@yafr7.audio,Leadership,"Monday, December 26, 2022",250
Alice Spencer,Alice_Spencer8470@yafr7.services,,,250
